topic,subtopic,pro_leaning,stance,query
droghe_leggere,legalizzazione cannabis,sinistra,pro,vantaggi legalizzazione cannabis in italia
droghe_leggere,legalizzazione cannabis,sinistra,pro,perché legalizzare la cannabis è giusto
droghe_leggere,legalizzazione cannabis,sinistra,pro,benefici della cannabis legale per l'economia italiana
droghe_leggere,legalizzazione cannabis,sinistra,pro,esperienze positive di paesi che hanno legalizzato la cannabis
droghe_leggere,legalizzazione cannabis,sinistra,pro,come la legalizzazione della cannabis riduce la criminalità
droghe_leggere,legalizzazione cannabis,sinistra,neutrale,storia della legalizzazione della cannabis in italia
droghe_leggere,legalizzazione cannabis,sinistra,neutrale,come funziona la legalizzazione della cannabis in altri paesi
droghe_leggere,legalizzazione cannabis,sinistra,neutrale,pro e contro della legalizzazione della cannabis
droghe_leggere,legalizzazione cannabis,sinistra,neutrale,effetti della legalizzazione della cannabis sull'economia
droghe_leggere,legalizzazione cannabis,sinistra,neutrale,normative sulla cannabis legale in italia
droghe_leggere,legalizzazione cannabis,sinistra,contro,perché la legalizzazione della cannabis è pericolosa
droghe_leggere,legalizzazione cannabis,sinistra,contro,effetti negativi della legalizzazione cannabis sulla società
droghe_leggere,legalizzazione cannabis,sinistra,contro,cosa succede nei paesi dove la cannabis è stata legalizzata
droghe_leggere,legalizzazione cannabis,sinistra,contro,rischi salute con la legalizzazione della cannabis
droghe_leggere,legalizzazione cannabis,sinistra,contro,perché la cannabis non dovrebbe essere legalizzata in Italia
droghe_leggere,cannabis per uso ricreativo,sinistra,pro,benefici della legalizzazione della cannabis in italia
droghe_leggere,cannabis per uso ricreativo,sinistra,pro,perché la cannabis ricreativa dovrebbe essere legale
droghe_leggere,cannabis per uso ricreativo,sinistra,pro,come la legalizzazione della cannabis può aiutare l'economia italiana
droghe_leggere,cannabis per uso ricreativo,sinistra,pro,esperienze positive di paesi che hanno legalizzato la cannabis
droghe_leggere,cannabis per uso ricreativo,sinistra,pro,impatti positivi della cannabis legale sulla società
droghe_leggere,cannabis per uso ricreativo,sinistra,neutrale,legislazione italiana sulla cannabis per uso ricreativo
droghe_leggere,cannabis per uso ricreativo,sinistra,neutrale,differenze tra cannabis per uso medico e ricreativo
droghe_leggere,cannabis per uso ricreativo,sinistra,neutrale,storia della legalizzazione della cannabis nel mondo
droghe_leggere,cannabis per uso ricreativo,sinistra,neutrale,effetti della cannabis per uso ricreativo sul corpo
droghe_leggere,cannabis per uso ricreativo,sinistra,neutrale,produzione e vendita di cannabis legale in Italia
droghe_leggere,cannabis per uso ricreativo,sinistra,contro,perché la legalizzazione della cannabis è pericolosa
droghe_leggere,cannabis per uso ricreativo,sinistra,contro,effetti negativi della cannabis per uso ricreativo
droghe_leggere,cannabis per uso ricreativo,sinistra,contro,cosa succede se legalizziamo la cannabis
droghe_leggere,cannabis per uso ricreativo,sinistra,contro,motivi per non legalizzare la cannabis
droghe_leggere,cannabis per uso ricreativo,sinistra,contro,perché la cannabis ricreativa non dovrebbe essere permessa
droghe_leggere,depenalizzazione possesso,sinistra,pro,vantaggi depenalizzazione possesso droghe leggere
droghe_leggere,depenalizzazione possesso,sinistra,pro,perché depenalizzare il possesso di cannabis in italia
droghe_leggere,depenalizzazione possesso,sinistra,pro,benefici della depenalizzazione delle droghe leggere
droghe_leggere,depenalizzazione possesso,sinistra,pro,esperienze positive paesi con depenalizzazione cannabis
droghe_leggere,depenalizzazione possesso,sinistra,pro,come la depenalizzazione può migliorare la società italiana
droghe_leggere,depenalizzazione possesso,sinistra,neutrale,qual è la situazione attuale della depenalizzazione del possesso di droghe leggere in italia
droghe_leggere,depenalizzazione possesso,sinistra,neutrale,quali sono i paesi europei dove il possesso di droghe leggere è depenalizzato
droghe_leggere,depenalizzazione possesso,sinistra,neutrale,come funziona la depenalizzazione del possesso di droghe leggere nel mondo
droghe_leggere,depenalizzazione possesso,sinistra,neutrale,qual è la differenza tra depenalizzazione e legalizzazione delle droghe leggere
droghe_leggere,depenalizzazione possesso,sinistra,neutrale,come la depenalizzazione del possesso di droghe leggere potrebbe influenzare la giustizia in italia
droghe_leggere,depenalizzazione possesso,sinistra,contro,perché depenalizzare il possesso di droghe leggere è pericoloso
droghe_leggere,depenalizzazione possesso,sinistra,contro,rischi della depenalizzazione del possesso di droghe leggere
droghe_leggere,depenalizzazione possesso,sinistra,contro,conseguenze negative della depenalizzazione delle droghe leggere
droghe_leggere,depenalizzazione possesso,sinistra,contro,come la depenalizzazione delle droghe leggere può aumentare il consumo
droghe_leggere,depenalizzazione possesso,sinistra,contro,perché non dovremmo depenalizzare il possesso di marijuana
